<install version="1.5.9" type="plugin" group="editors" method="upgrade">
	<name>Editor - CKEditor</name>
	<version>1.5.9</version>
	<creationDate>2011-11-28</creationDate>
	<author>CKSource</author>
	<authorurl>http://cksource.com</authorurl>
	<license>GPL</license>
	<description>CKEDITOR_PLUGIN_DESCRIPTION</description>
	<files>
		<filename plugin="ckeditor">ckeditor.php</filename>
		<folder>ckeditor</folder>
	</files>
	<params>
		<param type="spacer" default="EDITOR PARAMS DESC"></param>
	</params>    
	<languages folder="language">
		<language tag="en-GB">en-GB.plg_editors_ckeditor.ini</language>
	</languages>
</install> 